{"v":[-2.594699,1.879044,86.014183,71.319397,-49.491978,10.200662,87.398102,-0.005703,-7.479602,3.207005,-0.005997,86.014198,-28.610445,-81.961967,10.200666,69.103371,-52.542126,10.200669,0.990978,-3.056142,86.014198,70.706917,-51.377083,7.479946,-25.026035,83.114059,10.200101,-69.103378,52.529491,-10.200671,-86.785622,1.878164,10.200315,-28.611664,81.948975,10.200102,-27.008116,83.114037,7.479379,-70.706917,51.364445,-7.479948,71.318665,49.480461,10.200318,86.785576,1.879364,-10.200331,69.102592,52.530567,10.200307,70.706154,51.365532,7.479591,2.594671,1.87849,-86.014198,28.610443,81.949341,-10.200669,86.785629,-1.890801,-10.200317,0.990933,3.044116,86.014183,-27.006891,-83.127007,7.47995,-69.102592,-52.543205,-10.200309,2.594701,-1.891677,-86.014183,25.026033,-83.126686,-10.200103,-86.785591,-1.892,10.20033,-70.706154,-51.378166,-7.479592,-25.024797,-83.126991,10.200674,-2.594671,-1.891123,86.014198,-71.319405,49.479351,-10.200665,28.611664,-81.961609,-10.200104,27.006889,83.11438,-7.479952,25.024797,83.114349,-10.200675,27.008116,-83.126671,-7.479381,-87.398102,-0.006934,7.4796,-71.318665,-49.493099,-10.20032,-0.990933,-3.056749,-86.014183,-3.207005,-0.006636,-86.014198,-0.990978,3.04351,-86.014198],"vn":[0.2623,-0.6991,0.6651,0.1987,-0.7198,0.6651,0.2368,-0.7288,0.6425,-0.746,0.0335,-0.6651,-0.746,-0.0334,-0.6651,-0.7663,0,-0.6425,-0.5838,-0.4655,0.6651,-0.6232,-0.4114,0.6651,-0.6199,-0.4504,0.6425,0.1987,0.7198,0.6651,0.2623,0.6991,0.6651,0.2368,0.7288,0.6425,0.746,0.0334,0.6651,0.746,-0.0334,0.6651,0.7663,0,0.6425,-0.2623,-0.6991,-0.6651,-0.1987,-0.7198,-0.6651,-0.2368,-0.7288,-0.6425,0.6232,0.4114,-0.6651,0.5839,0.4655,-0.6651,0.6199,0.4504,-0.6425,-0.1987,0.7198,-0.6651,-0.2623,0.6991,-0.6651,-0.2368,0.7288,-0.6425,0.5838,-0.4655,-0.6651,0.6232,-0.4114,-0.6651,0.6199,-0.4504,-0.6425,0.2242,-0.6902,0.688,0.5871,-0.4265,-0.6881,-0.5838,0.4656,0.6651,-0.5871,0.4265,0.688,-0.587,-0.4266,0.6881,0.2242,0.6901,0.6881,-0.2243,-0.6901,-0.688,-0.2243,0.6901,-0.688,-0.7257,0,-0.6881,-0.6232,0.4114,0.6652,-0.6199,0.4504,0.6425,0.7257,0,0.688,0.5871,0.4265,-0.6881],"vt":[0.965039,0.55651,0.783039,0.55651,0.874039,0.511279,0.717223,0.55714,0.535223,0.55714,0.626223,0.511909,0.468145,0.806644,0.286145,0.806644,0.377145,0.761413,0.468576,0.556403,0.286576,0.556403,0.377576,0.511172,0.966924,0.806578,0.784924,0.806578,0.875924,0.761347,0.215301,0.55714,0.033301,0.55714,0.1243,0.511909,0.216555,0.306614,0.034555,0.306614,0.125555,0.261383,0.716463,0.806614,0.534463,0.806614,0.625463,0.761383,0.716331,0.306056,0.534331,0.306056,0.625331,0.260825,0.097633,0.766595,0.090205,0.989832,0.090205,0.766595,0.23493,0.886416,0.241262,0.992724,0.23493,0.994697,0.135267,0.766595,0.142696,0.98983,0.135267,0.98983,0.193157,0.874878,0.199489,0.768568,0.199489,0.876851,0.227338,0.886416,0.221006,0.992723,0.221006,0.884443,0.207081,0.874877,0.213414,0.768568,0.213414,0.876851,0.179233,0.768569,0.185565,0.874878,0.179233,0.876851,0.112654,0.766595,0.105225,0.989827,0.105226,0.766595,0.157716,0.766595,0.150288,0.98983,0.150288,0.766595,0.213414,0.992724,0.207081,0.886416,0.213414,0.884443,0.082613,0.989833,0.075184,0.766595,0.082613,0.766595,0.193157,0.886416,0.199489,0.992724,0.193157,0.994698,0.060164,0.766595,0.067592,0.989823,0.060163,0.989823,0.227338,0.874878,0.221006,0.768568,0.227338,0.766595,0.022529,0.989836,0.0151,0.766595,0.022529,0.766595,0.241262,0.768568,0.23493,0.874877,0.23493,0.766595,0.03755,0.989836,0.030122,0.766595,0.03755,0.766595,0.127675,0.766595,0.120246,0.98983,0.120246,0.766595,0.165308,0.874878,0.171641,0.768568,0.171641,0.876851,0.179055,0.957072,0.185209,0.952912,0.185209,0.959544,0.171463,0.987993,0.165308,0.983833,0.171463,0.981361,0.185209,0.967136,0.185209,0.973769,0.179055,0.971296,0.171463,0.973769,0.165308,0.971296,0.171463,0.967136,0.171463,0.959544,0.165308,0.955384,0.171463,0.952912,0.179055,0.985521,0.185209,0.981361,0.185209,0.987993,0.185209,0.938687,0.185209,0.94532,0.179055,0.94116,0.18389,0.931095,0.178395,0.927381,0.18389,0.923667,0.171463,0.938687,0.171463,0.94532,0.165308,0.942847,0.165308,0.927381,0.170803,0.923667,0.170803,0.931095,0.169675,0.884443,0.17674,0.886739,0.17674,0.894167,0.467254,0.305187,0.285254,0.305187,0.376254,0.259956,0.052571,0.766595,0.045143,0.989835,0.045142,0.766595,0.165308,0.910065,0.17674,0.90635,0.17674,0.913779,0.874039,0.749279,0.626223,0.749909,0.377145,0.999413,0.377576,0.749172,0.875924,0.999347,0.1243,0.749909,0.125555,0.499383,0.625463,0.999383,0.625331,0.498825,0.097633,0.989832,0.241262,0.884443,0.142696,0.766595,0.193157,0.766595,0.227338,0.994696,0.207081,0.766595,0.185565,0.766595,0.112654,0.989827,0.157716,0.98983,0.207081,0.994697,0.075184,0.989833,0.199489,0.884443,0.067592,0.766595,0.221006,0.876851,0.0151,0.989836,0.241262,0.876851,0.030121,0.989836,0.127675,0.98983,0.165309,0.766595,0.169675,0.896463,0.165308,0.890453,0.376254,0.497956,0.052571,0.989835,0.169675,0.916075,0.169675,0.904055],"f":[[6,1,1,29,2,2,35,3,3],[31,4,4,37,5,5,36,6,6],[5,7,7,27,8,8,28,9,9],[9,10,10,17,11,11,33,12,12],[15,13,13,2,14,14,3,15,15],[24,16,16,26,17,17,23,18,18],[16,19,19,20,20,20,18,21,21],[34,22,22,10,23,23,13,24,24],[32,25,25,21,26,26,8,27,27],[2,28,14,7,29,28,6,30,1],[21,31,26,2,32,14,8,33,27],[25,34,29,16,35,19,21,36,26],[16,37,19,15,38,13,3,39,15],[6,40,1,32,41,25,8,42,27],[24,43,16,5,44,7,28,45,9],[10,46,23,12,47,30,13,48,24],[1,49,31,27,50,8,30,51,32],[12,52,30,22,53,33,9,54,10],[17,55,11,20,56,20,33,57,12],[32,58,25,38,59,34,25,60,29],[29,61,2,26,62,17,35,63,3],[40,64,35,31,65,4,10,66,23],[37,67,5,27,68,8,36,69,6],[7,70,28,5,71,7,29,72,2],[9,73,10,34,74,22,13,75,24],[39,76,36,24,77,16,37,78,5],[20,79,20,40,80,35,34,81,22],[11,82,37,31,83,4,36,84,6],[26,85,17,32,86,25,35,87,3],[2,88,14,6,89,1,8,90,27],[16,91,19,3,92,15,21,93,26],[18,94,21,17,95,11,15,96,13],[20,97,20,34,98,22,33,99,12],[12,100,30,9,101,10,13,102,24],[14,103,38,10,104,23,31,105,4],[11,106,37,36,107,6,27,108,8],[24,109,16,28,110,9,37,111,5],[23,112,18,29,113,2,5,114,7],[25,115,29,38,116,34,39,117,36],[11,118,37,12,119,30,14,120,38],[4,121,39,17,122,11,22,123,33],[22,124,33,30,125,32,7,126,28],[6,1,1,7,127,28,29,2,2],[31,4,4,39,128,36,37,5,5],[5,7,7,30,129,32,27,8,8],[9,10,10,22,130,33,17,11,11],[15,13,13,4,131,39,2,14,14],[24,16,16,38,132,34,26,17,17],[16,19,19,19,133,40,20,20,20],[34,22,22,40,134,35,10,23,23],[32,25,25,25,135,29,21,26,26],[2,28,14,4,136,39,7,29,28],[21,31,26,3,137,15,2,32,14],[25,34,29,19,138,40,16,35,19],[16,37,19,18,139,21,15,38,13],[6,40,1,35,140,3,32,41,25],[24,43,16,23,141,18,5,44,7],[10,46,23,14,142,38,12,47,30],[1,49,31,11,143,37,27,50,8],[12,52,30,1,144,31,22,53,33],[17,55,11,18,145,21,20,56,20],[32,58,25,26,146,17,38,59,34],[29,61,2,23,147,18,26,62,17],[40,64,35,39,148,36,31,65,4],[37,67,5,28,149,9,27,68,8],[7,70,28,30,150,32,5,71,7],[9,73,10,33,151,12,34,74,22],[39,76,36,38,152,34,24,77,16],[20,79,20,19,153,40,40,80,35],[11,82,37,14,154,38,31,83,4],[40,155,35,19,156,40,39,117,36],[19,156,40,25,115,29,39,117,36],[11,118,37,1,157,31,12,119,30],[4,121,39,15,158,13,17,122,11],[7,126,28,4,159,39,22,124,33],[22,124,33,1,160,31,30,125,32]]}