{"v":[-31.14172,83.480347,-1.205219,83.480232,-1.205334,-31.142023,83.480453,-1.205334,31.141409,-82.735283,0,33.092293,51.59388,50.388359,52.338436,50.38855,52.338627,51.593506,-31.141712,83.480347,1.205448,83.480232,1.205334,-31.142023,-83.480453,-1.205334,-31.141409,-51.59388,-50.388359,-52.338436,-1.20564,31.141716,-83.480331,-1.20564,-31.141716,-83.480331,1.205027,31.141716,-83.480354,-83.480453,1.205334,-31.141409,-83.480232,1.205334,31.142023,-50.388168,-52.338627,51.593876,31.141712,83.480347,-1.205448,-50.38855,52.338627,-51.593506,50.388168,52.338627,-51.593876,-0.000304,33.091988,-82.735405,82.735527,0,33.091686,52.33881,-51.593689,50.388168,83.480453,1.205334,31.141409,52.33844,-51.593689,-50.38855,51.593502,-50.388359,-52.338818,82.735283,0,-33.092293,33.091988,-82.735405,-0.000122,-1.205027,-31.141716,83.480354,-1.205027,31.141716,83.480354,-52.33844,-51.593689,50.38855,-51.593502,-50.388359,52.338818,-51.593502,50.388359,52.338818,-52.33844,51.593689,50.38855,0.000304,33.091988,82.735405,52.33881,51.593689,50.388168,1.20564,-31.141716,83.480331,-33.091988,82.735405,0.000122,-50.388168,52.338627,51.593876,51.593502,50.388359,-52.338818,-52.33881,-51.593689,-50.388168,-33.091988,-82.735405,0.000122,-83.480232,-1.205334,31.142023,-50.38855,-52.338627,-51.593506,-0.000304,-33.091988,-82.735405,50.388168,-52.338627,-51.593876,31.14172,-83.480347,1.205219,-31.14172,-83.480347,-1.205219,1.205027,-31.141716,-83.480354,-52.33881,51.593689,-50.388168,-31.141712,-83.480347,1.205448,31.14172,83.480347,1.205219,33.091988,82.735405,-0.000122,31.141712,-83.480347,-1.205448,1.20564,31.141716,83.480331,0.000304,-33.091988,82.735405,-82.735527,0,-33.091686,-51.59388,50.388359,-52.338436,52.33844,51.593689,-50.38855,51.59388,-50.388359,52.338436,50.38855,-52.338627,51.593506],"vn":[0.5305,0.0177,0.8475,0.5128,0.0109,0.8584,0.5128,-0.011,0.8584,0.8407,-0.5415,0,0.8584,-0.5128,-0.0109,0.8584,-0.5128,0.011,-0.5128,0.011,-0.8584,-0.5306,-0.0177,-0.8475,-0.5415,0,-0.8407,-0.8584,0.5128,0.011,-0.8475,0.5306,0.0177,-0.8407,0.5415,0,-0.8475,-0.5305,-0.0177,-0.8475,-0.5305,0.0178,-0.8584,-0.5128,0.011,-0.0177,0.8475,0.5305,0.0177,0.8475,0.5305,0.011,0.8584,0.5128,0.8584,0.5128,0.011,0.8475,0.5306,-0.0177,0.8407,0.5415,0,-0.0109,-0.8584,0.5128,0.011,-0.8584,0.5128,0.0178,-0.8475,0.5305,0.0177,0.8475,-0.5305,-0.0177,0.8475,-0.5305,-0.011,0.8584,-0.5128,0.5415,0,-0.8407,0.5128,-0.011,-0.8584,0.5128,0.011,-0.8584,-0.0177,-0.8475,-0.5306,0.0177,-0.8475,-0.5305,0.011,-0.8584,-0.5128,-0.011,-0.8584,-0.5128,0,0.8407,0.5415,-0.5128,-0.011,0.8584,-0.0177,-0.8475,0.5306,0,-0.8407,0.5415,0.8475,0.5306,0.0177,-0.0109,0.8584,0.5128,-0.5415,0,0.8407,0.5305,0.0177,-0.8475,-0.8407,-0.5415,0,-0.8584,-0.5128,-0.011,-0.8584,0.5128,-0.0109,0.5305,-0.0177,-0.8475,0.8475,-0.5305,-0.0177,-0.5128,0.011,0.8584,0.5306,-0.0177,0.8475,-0.8475,0.5305,-0.0178,0,-0.8407,-0.5415,-0.5128,-0.011,-0.8584,0.5415,0,0.8407,0.8475,-0.5306,0.0177,-0.5305,0.0178,-0.8475,0,0.8407,-0.5415,0.8584,0.5128,-0.011,0.011,0.8584,-0.5128,-0.5305,0.0177,0.8475,-0.5305,-0.0177,0.8475],"vt":[0.124792,0.499368,0.001947,0.410116,0.04887,0.265703,0.875106,0.499153,0.799184,0.265488,0.951029,0.265488,0.997878,0.659563,0.752188,0.659563,0.799111,0.51515,0.24783,0.659939,0.124985,0.749191,0.00214,0.659939,0.125052,0.248694,0.04913,0.015029,0.200974,0.015029,0.37554,0.499094,0.299618,0.265429,0.451462,0.265429,0.799165,0.765496,0.997932,0.909909,0.875087,0.999161,0.625342,0.499041,0.502497,0.409789,0.54942,0.265376,0.29942,0.515492,0.498187,0.659905,0.375343,0.749157,0.747835,0.910132,0.502145,0.910132,0.549068,0.765719,0.54911,0.515576,0.747877,0.659988,0.625033,0.74924,0.183321,0.990712,0.187517,0.882315,0.187517,0.990712,0.103867,0.764171,0.099671,0.872569,0.099671,0.764171,0.103867,0.990711,0.099671,0.882315,0.103867,0.882315,0.034158,0.764171,0.029963,0.87257,0.029963,0.764171,0.113613,0.764171,0.117808,0.872569,0.113613,0.872569,0.113613,0.990712,0.117808,0.882315,0.117808,0.990712,0.211204,0.764171,0.2154,0.872568,0.211204,0.872568,0.173575,0.872569,0.169379,0.764171,0.173575,0.764171,0.229342,0.872568,0.225146,0.764171,0.229342,0.764171,0.057846,0.872569,0.062042,0.764171,0.062042,0.872569,0.075983,0.882315,0.071788,0.990712,0.071788,0.882315,0.243283,0.882314,0.239088,0.990711,0.239088,0.882314,0.0481,0.764171,0.043904,0.872569,0.043904,0.764171,0.187517,0.872569,0.183321,0.764171,0.187517,0.764171,0.016021,0.764171,0.020217,0.87257,0.016021,0.87257,0.020217,0.882316,0.016021,0.990713,0.016021,0.882316,0.127554,0.764171,0.13175,0.872569,0.127554,0.872569,0.155438,0.872569,0.159633,0.764171,0.159633,0.872569,0.085729,0.872569,0.089925,0.764171,0.089925,0.872569,0.141496,0.764171,0.145692,0.872569,0.141496,0.872569,0.029963,0.990712,0.034158,0.882316,0.034158,0.990712,0.145692,0.882315,0.141496,0.990712,0.141496,0.882315,0.075983,0.764171,0.071788,0.872569,0.071788,0.764171,0.239088,0.872568,0.243283,0.764171,0.243283,0.872568,0.201458,0.882315,0.197263,0.990711,0.197263,0.882315,0.197263,0.764171,0.201458,0.872569,0.197263,0.872569,0.225146,0.882314,0.229342,0.990711,0.225146,0.990711,0.057846,0.990712,0.062042,0.882315,0.062042,0.990712,0.16938,0.990711,0.173575,0.882315,0.173575,0.990711,0.044466,0.926238,0.0481,0.92414,0.0481,0.928336,0.086291,0.912296,0.089925,0.910198,0.089925,0.914394,0.13175,0.896257,0.13175,0.900452,0.128116,0.898355,0.13175,0.92414,0.13175,0.928336,0.128116,0.926238,0.0481,0.952023,0.0481,0.956219,0.044466,0.954121,0.13175,0.914394,0.128116,0.912296,0.13175,0.910198,0.13175,0.882315,0.13175,0.886511,0.128116,0.884413,0.089925,0.896257,0.089925,0.900452,0.086291,0.898355,0.0481,0.886511,0.044466,0.884413,0.0481,0.882315,0.0481,0.914394,0.044467,0.912296,0.0481,0.910198,0.086292,0.884413,0.089925,0.882315,0.089925,0.886511,0.044466,0.898355,0.0481,0.896257,0.0481,0.900452,0.086291,0.926238,0.089925,0.92414,0.089925,0.928336,0.214838,0.882315,0.214838,0.88651,0.211205,0.884413,0.044466,0.940179,0.0481,0.938082,0.0481,0.942277,0.086291,0.954121,0.089925,0.952023,0.089925,0.956219,0.214838,0.900452,0.211205,0.898354,0.214838,0.896257,0.089925,0.938082,0.089925,0.942277,0.086291,0.940179,0.13175,0.938082,0.13175,0.942277,0.128116,0.94018,0.128116,0.954121,0.13175,0.952023,0.13175,0.956219,0.155438,0.990712,0.159633,0.882315,0.159633,0.990712,0.299147,0.015221,0.497914,0.159634,0.375069,0.248886,0.200714,0.265703,0.247637,0.410116,0.997951,0.409901,0.752262,0.409901,0.950955,0.51515,0.875033,0.748815,0.049063,0.515526,0.200907,0.515526,0.247897,0.159442,0.002207,0.159442,0.498385,0.409842,0.252695,0.409842,0.752242,0.909909,0.951009,0.765496,0.701264,0.265376,0.748187,0.409789,0.252498,0.659905,0.451265,0.515492,0.700912,0.765719,0.62499,0.999384,0.502188,0.659988,0.700955,0.515576,0.183321,0.882315,0.103867,0.872569,0.099671,0.990711,0.034158,0.87257,0.117808,0.764171,0.113613,0.882315,0.2154,0.764171,0.169379,0.872569,0.225146,0.872568,0.057846,0.764171,0.075983,0.990712,0.243283,0.990711,0.0481,0.872569,0.183321,0.872569,0.020217,0.764171,0.020217,0.990713,0.13175,0.764171,0.155438,0.764171,0.085729,0.764171,0.145692,0.764171,0.029963,0.882316,0.145692,0.990712,0.075983,0.872569,0.239088,0.764171,0.201458,0.990711,0.201458,0.764171,0.229342,0.882314,0.057846,0.882315,0.169379,0.882315,0.155438,0.882315,0.252225,0.159634,0.450992,0.015221],