{"v":[-83.394569,2.066878,52.330574,-53.60767,82.60527,0.000197,-84.672333,1.277401,-50.263077,-84.672333,-1.277401,-50.263077,-52.330257,-83.39476,2.06707,-1.27709,-50.26339,84.672157,-52.330276,83.39476,-2.066685,-50.263386,84.67215,1.277586,1.277712,-50.26339,84.672142,-2.067184,-52.330265,-83.394745,83.394569,2.066878,-52.330574,84.672333,1.277401,50.263077,53.60767,-82.60527,-0.000197,83.394569,-2.066878,-52.330574,1.27709,50.26339,-84.672157,50.263386,84.67215,-1.277586,83.394951,-2.066878,52.32996,-50.263393,-84.67215,-1.277217,-1.277712,-50.26339,-84.672142,-52.330257,83.39476,2.06707,-82.605072,0,53.607971,-2.066571,52.330265,83.394768,-84.671967,-1.277401,50.263699,-84.671967,1.277401,50.263699,-53.60767,-82.60527,0.000197,-83.394569,-2.066878,52.330574,-52.330276,-83.39476,-2.066685,-2.066571,-52.330265,83.394768,-1.27709,50.26339,84.672157,-0.000303,53.60767,-82.60527,-2.067184,52.330265,-83.394745,-83.394951,2.066878,-52.32996,50.263393,84.67215,1.277217,-50.263393,84.67215,-1.277217,2.067184,52.330265,83.394745,82.605476,0,53.607365,83.394951,2.066878,52.32996,50.263393,-84.67215,1.277217,2.067184,-52.330265,83.394745,50.263386,-84.67215,-1.277586,-83.394951,-2.066878,-52.32996,-82.605476,0,-53.607365,52.330257,83.39476,-2.06707,53.60767,82.60527,-0.000197,2.066571,52.330265,-83.394768,84.672333,-1.277401,50.263077,84.671967,-1.277401,-50.263699,84.671967,1.277401,-50.263699,52.330276,83.39476,2.066685,52.330257,-83.39476,-2.06707,82.605072,0,-53.607971,52.330276,-83.39476,2.066685,-50.263386,-84.67215,1.277586,1.27709,-50.26339,-84.672157,2.066571,-52.330265,-83.394768,-0.000303,-53.60767,-82.60527,-1.277712,50.26339,-84.672142,0.000303,-53.60767,82.60527,1.277712,50.26339,84.672142,0.000303,53.60767,82.60527],"vn":[-0.5903,0.5619,0.5795,-0.5619,0.5795,0.5903,-0.5795,0.5903,0.5619,-0.9376,0.3473,0.0175,-0.9268,0.3757,0,-0.9376,0.3473,-0.0175,-0.9376,-0.3473,0.0175,-0.9376,-0.3473,-0.0175,-0.9268,-0.3757,0,-0.5903,-0.5619,0.5795,-0.5795,-0.5903,0.562,-0.5619,-0.5795,0.5903,-0.3756,0,0.9268,-0.3473,-0.0175,0.9376,-0.3473,0.0175,0.9376,-0.5903,0.5619,-0.5795,-0.5795,0.5903,-0.5619,-0.5619,0.5795,-0.5903,-0.0175,0.9376,0.3473,0,0.9268,0.3756,0.0175,0.9376,0.3473,0.3473,0.0175,0.9376,0.3473,-0.0175,0.9376,0.3756,0,0.9268,0,-0.9268,0.3757,-0.0175,-0.9376,0.3473,0.0175,-0.9376,0.3473,-0.5795,-0.5903,-0.5619,-0.5903,-0.5619,-0.5795,-0.5619,-0.5795,-0.5903,0.5903,0.5619,-0.5795,0.5619,0.5795,-0.5903,0.5795,0.5903,-0.5619,0.9376,0.3473,-0.0175,0.9268,0.3757,0,0.9376,0.3473,0.0175,0.9376,-0.3473,-0.0175,0.9376,-0.3473,0.0175,0.9268,-0.3757,0,0.5903,-0.5619,-0.5795,0.5795,-0.5903,-0.562,0.5619,-0.5795,-0.5903,0.3756,0,-0.9268,0.3473,-0.0175,-0.9376,0.3473,0.0175,-0.9376,0.0175,0.9376,-0.3473,0,0.9268,-0.3757,-0.0175,0.9376,-0.3473,0.5903,0.562,0.5795,0.5795,0.5903,0.5619,0.562,0.5795,0.5903,0.5795,-0.5903,0.5619,0.5903,-0.5619,0.5795,0.5619,-0.5795,0.5903,0,-0.9268,-0.3757,0.0175,-0.9376,-0.3473,-0.0175,-0.9376,-0.3473,-0.3473,0.0175,-0.9376,-0.3473,-0.0175,-0.9376,-0.3756,0,-0.9268],"vt":[0.125355,0.642378,0.249846,0.642378,0.187601,0.750191,0.500213,0.766768,0.624704,0.766768,0.562459,0.87458,0.125278,0.392065,0.249769,0.392065,0.187524,0.499878,0.375275,0.891884,0.499766,0.891884,0.43752,0.999697,0.375277,0.642194,0.499768,0.642194,0.437522,0.750007,0.250222,0.516881,0.374713,0.516881,0.312468,0.624694,0.375444,0.516916,0.499936,0.516916,0.43769,0.624729,0.125389,0.517002,0.24988,0.517002,0.187634,0.624814,0.500604,0.517169,0.625095,0.517169,0.562849,0.624982,0.000296,0.517169,0.124787,0.517169,0.062541,0.624982,0.000358,0.392066,0.124849,0.392066,0.062603,0.499879,0.250263,0.892091,0.374754,0.892091,0.312509,0.999904,0.500293,0.641935,0.624784,0.641935,0.562539,0.749748,0.250456,0.642199,0.374947,0.642199,0.312702,0.750011,0.000222,0.641928,0.124713,0.641928,0.062468,0.74974,0.500201,0.891902,0.624692,0.891902,0.562447,0.999715,0.375405,0.767013,0.499896,0.767013,0.437651,0.874825,0.125461,0.767122,0.249952,0.767122,0.187707,0.874934,0.000249,0.767238,0.12474,0.767238,0.062495,0.87505,0.250249,0.767238,0.37474,0.767238,0.312495,0.87505,0.096341,0.996477,0.097715,0.942403,0.097715,0.996477,0.028235,0.996477,0.029609,0.942405,0.029609,0.996477,0.04337,0.936212,0.044744,0.882137,0.044744,0.936212,0.103908,0.996476,0.105283,0.942403,0.105283,0.996476,0.066072,0.942403,0.067446,0.996477,0.066072,0.996477,0.04337,0.996476,0.044744,0.942405,0.044744,0.996476,0.103908,0.93621,0.105283,0.882137,0.105283,0.93621,0.088774,0.996476,0.090148,0.942403,0.090148,0.996476,0.014475,0.936212,0.013101,0.882137,0.014475,0.882137,0.020668,0.996477,0.022042,0.942405,0.022042,0.996477,0.11285,0.882137,0.111476,0.93621,0.111476,0.882137,0.121158,0.977869,0.119043,0.977181,0.119851,0.97607,0.005533,0.996476,0.006907,0.942405,0.006907,0.996476,0.0131,0.996477,0.014474,0.942405,0.014474,0.996477,0.006907,0.936212,0.005533,0.882137,0.006907,0.882137,0.058504,0.942403,0.059879,0.996477,0.058505,0.996477,0.022042,0.936212,0.020668,0.882137,0.022042,0.882137,0.037177,0.942405,0.035802,0.996477,0.035802,0.942405,0.075013,0.93621,0.073639,0.882137,0.075013,0.882137,0.066072,0.93621,0.067446,0.882137,0.067446,0.93621,0.052311,0.996478,0.050937,0.942405,0.052311,0.942405,0.058504,0.882137,0.059878,0.93621,0.058504,0.93621,0.050937,0.93621,0.052311,0.882137,0.052311,0.93621,0.090148,0.93621,0.088774,0.882137,0.090148,0.882137,0.111476,0.996476,0.11285,0.942403,0.11285,0.996476,0.028235,0.882137,0.029609,0.936212,0.028235,0.936212,0.035802,0.936212,0.037176,0.882137,0.037177,0.936212,0.097715,0.93621,0.096341,0.882137,0.097715,0.882137,0.082581,0.882137,0.081207,0.93621,0.081206,0.882137,0.073639,0.996476,0.075013,0.942403,0.075013,0.996476,0.119043,0.985598,0.121158,0.984911,0.121158,0.986285,0.121158,0.994702,0.119851,0.995126,0.119043,0.994015,0.119043,0.900082,0.121158,0.899395,0.121158,0.900769,0.119851,0.969877,0.119043,0.968765,0.119851,0.967653,0.119851,0.959237,0.121158,0.959661,0.121158,0.961035,0.121158,0.883936,0.119851,0.88436,0.119043,0.883248,0.121158,0.917602,0.119851,0.918026,0.119043,0.916915,0.119851,0.90961,0.119851,0.907386,0.121158,0.907811,0.119043,0.951932,0.119851,0.95082,0.121158,0.951245,0.119851,0.890553,0.121158,0.892352,0.119851,0.892777,0.081206,0.996476,0.082581,0.942404,0.082581,0.996476,0.119851,0.942403,0.121158,0.944202,0.119851,0.944627,0.096341,0.942403,0.028235,0.942405,0.04337,0.882137,0.103908,0.942403,0.067446,0.942403,0.04337,0.942405,0.103909,0.882137,0.088774,0.942403,0.0131,0.936212,0.020668,0.942405,0.11285,0.93621,0.121158,0.976494,0.119851,0.978293,0.005533,0.942405,0.0131,0.942405,0.005533,0.936212,0.059879,0.942403,0.020668,0.936212,0.037177,0.996477,0.073639,0.93621,0.066072,0.882137,0.050937,0.996478,0.059879,0.882137,0.050937,0.882137,0.088774,0.93621,0.111476,0.942403,0.029609,0.882137,0.035802,0.882137,0.096341,0.93621,0.082581,0.93621,0.073639,0.942403,0.119851,0.98671,0.119851,0.984486,0.119851,0.992903,0.121158,0.993328,0.119851,0.901193,0.119851,0.89897,0.121158,0.968078,0.121158,0.969452,0.119851,0.96146,0.119043,0.960348,0.119851,0.882137,0.121158,0.882561,0.119851,0.915803,0.121158,0.916228,0.121158,0.909185,0.119043,0.908498,0.121158,0.952619,0.119851,0.953044,0.119043,0.891665,0.121158,0.890978,0.081206,0.942404,0.119043,0.943515,0.121158,0.942828],