{"v":[-67.640755,-67.640999,65.788063,67.641243,65.787819,67.640747,65.788063,67.640999,67.640755,-67.641235,67.640999,-65.787567,-67.640747,-65.787819,67.641243,67.641235,67.640999,65.787567,67.640755,-67.640999,-65.788063,67.640747,-65.787819,-67.641243,65.787567,-67.640999,-67.641235,-65.787567,-67.640999,67.641235,-65.788063,67.640999,-67.640755,-67.641243,65.787819,-67.640747],"vn":[-0.5564,0.5875,0.5875,-0.5875,0.5875,0.5564,-0.5875,0.5564,0.5875,0.5564,0.5875,-0.5875,0.5875,0.5875,-0.5564,0.5875,0.5564,-0.5875,-0.5875,-0.5564,-0.5875,-0.5564,-0.5875,-0.5875,-0.5875,-0.5876,-0.5564,0.5875,-0.5564,0.5875,0.5564,-0.5875,0.5875,0.5875,-0.5876,0.5564],"vt":[0.125026,0.75002,0.002193,0.537268,0.247858,0.537268,0.252103,0.537305,0.497769,0.537305,0.374936,0.750057,0.747906,0.787187,0.625074,0.999939,0.502241,0.787187,0.625192,0.749971,0.502359,0.537218,0.748024,0.537218,0.142734,0.876914,0.205175,0.772994,0.144562,0.877979,0.021508,0.876915,0.142726,0.87903,0.0215,0.879031,0.207678,0.766328,0.011545,0.87483,0.207187,0.761876,0.203339,0.984015,0.205175,0.982964,0.015252,0.877897,0.207284,0.993502,0.011642,0.880548,0.208086,0.988758,0.212187,0.990559,0.212187,0.764651,0.203347,0.77193],"f":[[3,1,1,4,2,2,5,3,3],[11,4,4,6,5,5,8,6,6],[12,7,7,9,8,8,1,9,9],[2,10,10,10,11,11,7,12,12],[8,13,6,2,14,10,7,15,12],[11,16,4,9,17,8,12,18,7],[5,19,3,12,20,7,1,21,9],[1,22,9,7,15,12,10,23,11],[4,24,2,6,25,5,11,26,4],[4,24,2,11,26,4,12,20,7],[3,27,1,2,28,10,6,25,5],[5,19,3,1,21,9,10,29,11],[8,13,6,7,15,12,9,17,8],[3,27,1,10,29,11,2,28,10],[8,13,6,6,30,5,2,14,10],[11,16,4,8,13,6,9,17,8],[5,19,3,4,24,2,12,20,7],[1,22,9,9,17,8,7,15,12],[4,24,2,3,27,1,6,25,5],[3,27,1,5,19,3,10,29,11]]}