{"v":[52.081398,-49.997971,49.99778,52.081032,49.997971,-49.998161,52.081398,49.997971,49.99778,-52.081032,49.997971,49.998161,49.997787,52.081215,-49.99815,-49.99815,-52.081215,-49.997787,-49.998161,-49.997971,-52.081032,49.997787,-52.081215,-49.99815,-49.997787,-52.081215,49.99815,52.081032,-49.997971,-49.998161,49.99778,-49.997971,-52.081398,-52.081398,-49.997971,-49.99778,-49.99815,52.081215,-49.997787,49.99815,52.081215,49.997787,-49.99778,-49.997971,52.081398,-49.997787,52.081215,49.99815,49.998161,49.997971,52.081032,49.99815,-52.081215,49.997787,49.998161,-49.997971,52.081032,-52.081032,-49.997971,49.998161,49.99778,49.997971,-52.081398,-49.998161,49.997971,-52.081032,-52.081398,49.997971,-49.99778,-49.99778,49.997971,52.081398],"vn":[0.0202,0.0202,-0.9996,-0.0202,-0.0202,-0.9996,-0.0202,0.0202,-0.9996,0.9996,0.0202,0.0202,0.9996,-0.0202,-0.0202,0.9996,0.0202,-0.0202,-0.9996,-0.0202,-0.0202,-0.9996,0.0202,0.0202,-0.9996,0.0202,-0.0202,-0.0202,-0.0202,0.9996,0.0202,0.0202,0.9996,-0.0202,0.0202,0.9996,-0.0202,0.9996,0.0202,0.0202,0.9996,-0.0202,-0.0202,0.9996,-0.0202,0.9996,-0.0202,0.0201,0.0202,-0.9996,-0.0202,0.0202,-0.9996,0.0202,0.0203,-0.0202,0.9996,0.0201,-0.0202,-0.9996,-0.0202,-0.9996,-0.0202,-0.0202,-0.9996,0.0202,-0.9996,-0.0202,0.0203,0.0203,0.9996,0.0202],"vt":[0.253139,0.747569,0.497412,0.503296,0.497412,0.747569,0.002863,0.497137,0.247137,0.252863,0.247137,0.497137,0.00384,0.74616,0.248113,0.501887,0.248113,0.74616,0.503363,0.747021,0.747637,0.502748,0.747637,0.747021,0.253232,0.497174,0.497506,0.2529,0.497506,0.497174,0.141194,0.992157,0.148129,0.756757,0.148129,0.992157,0.072578,0.992161,0.065643,0.756757,0.072578,0.756757,0.05369,0.992161,0.046755,0.756757,0.05369,0.756757,0.034803,0.992161,0.027867,0.756757,0.034802,0.756757,0.103418,0.992157,0.110354,0.756757,0.110354,0.992157,0.015915,0.992161,0.00898,0.756757,0.015915,0.756757,0.22368,0.756757,0.216744,0.992157,0.216744,0.756757,0.122306,0.992157,0.129241,0.756757,0.129241,0.992157,0.08453,0.992157,0.091466,0.756757,0.091466,0.992157,0.204792,0.756757,0.197857,0.992157,0.197857,0.756757,0.185904,0.756757,0.178969,0.992157,0.178969,0.756757,0.167017,0.756757,0.160081,0.992157,0.160081,0.756757,0.241638,0.820356,0.235632,0.816888,0.241638,0.81342,0.241638,0.839244,0.235632,0.835776,0.241638,0.832308,0.241638,0.794533,0.241638,0.801468,0.235632,0.798,0.241638,0.888971,0.241638,0.895907,0.235632,0.892439,0.241638,0.870084,0.241638,0.877019,0.235632,0.873551,0.241638,0.756757,0.241638,0.763693,0.235632,0.760225,0.241638,0.858131,0.235632,0.854664,0.241638,0.851196,0.241638,0.775645,0.241638,0.782581,0.235632,0.779113,0.503251,0.997121,0.747524,0.752848,0.747524,0.997121,0.253139,0.503296,0.002863,0.252863,0.00384,0.501887,0.503363,0.502748,0.253232,0.2529,0.141194,0.756757,0.065643,0.992161,0.046755,0.992161,0.027867,0.992161,0.103418,0.756757,0.008979,0.992161,0.22368,0.992157,0.122306,0.756757,0.08453,0.756757,0.204792,0.992157,0.185904,0.992157,0.167017,0.992157,0.503251,0.752848],"f":[[21,1,1,7,2,2,22,3,3],[3,4,4,10,5,5,2,6,6],[12,7,7,4,8,8,23,9,9],[15,10,10,17,11,11,24,12,12],[16,13,13,5,14,14,13,15,15],[4,16,8,15,17,10,24,18,12],[1,19,16,8,20,17,10,21,5],[15,22,10,18,23,18,19,24,19],[11,25,20,6,26,21,7,27,2],[21,28,1,13,29,15,5,30,14],[12,31,7,9,32,22,20,33,23],[11,34,20,2,35,6,10,36,5],[23,37,9,16,38,13,13,39,15],[22,40,3,12,41,7,23,42,9],[1,43,16,17,44,11,19,45,19],[24,46,12,14,47,24,16,48,13],[3,49,4,5,50,14,14,51,24],[18,52,18,1,53,16,19,54,19],[8,55,17,11,56,20,10,57,5],[6,58,21,12,59,7,7,60,2],[9,61,22,15,62,10,20,63,23],[3,64,4,14,65,24,17,66,11],[21,67,1,5,68,14,2,69,6],[22,70,3,23,71,9,13,72,15],[4,73,8,24,74,12,16,75,13],[8,76,17,9,77,22,6,78,21],[21,1,1,11,79,20,7,2,2],[3,4,4,1,80,16,10,5,5],[12,7,7,20,81,23,4,8,8],[15,10,10,19,82,19,17,11,11],[16,13,13,14,83,24,5,14,14],[4,16,8,20,84,23,15,17,10],[1,19,16,18,85,18,8,20,17],[15,22,10,9,86,22,18,23,18],[11,25,20,8,87,17,6,26,21],[21,28,1,22,88,3,13,29,15],[12,31,7,6,89,21,9,32,22],[11,34,20,21,90,1,2,35,6],[23,37,9,4,91,8,16,38,13],[22,40,3,7,92,2,12,41,7],[1,43,16,3,93,4,17,44,11],[24,46,12,17,94,11,14,47,24],[3,49,4,2,95,6,5,50,14],[8,76,17,18,96,18,9,77,22]]}