{"v":[-1.168417,1.168058,-97.78318,-97.78318,1.168058,1.168417,-1.167699,-1.168058,97.78318,-97.78318,-1.168058,1.168417,-1.168054,97.78318,1.168062,-97.78318,1.168058,-1.167699,-1.168062,97.78318,-1.168054,97.78318,-1.168058,-1.168417,1.167699,-1.168058,-97.78318,1.167699,1.168058,-97.78318,1.168054,97.78318,-1.168062,97.78318,1.168058,1.167699,-1.168062,-97.78318,-1.168054,-97.78318,-1.168058,-1.167699,97.78318,-1.168058,1.167699,-1.167699,1.168058,97.78318,1.168062,-97.78318,1.168054,1.168417,-1.168058,97.78318,-1.168417,-1.168058,-97.78318,1.168417,1.168058,97.78318,97.78318,1.168058,-1.168417,1.168062,97.78318,1.168054,-1.168054,-97.78318,1.168062,1.168054,-97.78318,-1.168062],"vn":[-0.5683,0.5683,-0.5951,-0.5951,0.5682,-0.5683,-0.5683,0.5951,-0.5683,0.5683,0.5682,-0.5951,0.5682,0.5951,-0.5683,0.5951,0.5683,-0.5683,0.5683,-0.5683,-0.5951,0.5951,-0.5682,-0.5683,0.5683,-0.5951,-0.5683,-0.5683,-0.5682,-0.5951,-0.5682,-0.5951,-0.5683,-0.5951,-0.5683,-0.5682,0.5683,0.5683,0.5951,0.5951,0.5682,0.5683,0.5683,0.5951,0.5683,-0.5683,0.5682,0.5951,-0.5682,0.5951,0.5683,-0.5951,0.5683,0.5682,-0.5683,-0.5683,0.5951,-0.5951,-0.5683,0.5683,-0.5683,-0.5951,0.5683,0.5683,-0.5682,0.5951,0.5682,-0.5951,0.5683,0.5951,-0.5683,0.5683],"vt":[0.9928,0.547203,0.876385,0.74884,0.759969,0.547203,0.009194,0.297486,0.242025,0.297486,0.12561,0.499123,0.739784,0.800661,0.625316,0.998924,0.510849,0.800661,0.258137,0.546543,0.492758,0.546543,0.375447,0.749731,0.742102,0.547965,0.625687,0.749603,0.509271,0.547965,0.259546,0.297568,0.492377,0.297568,0.375961,0.499205,0.992967,0.798382,0.876552,1.000019,0.760136,0.798382,0.008828,0.547871,0.241659,0.547871,0.125243,0.749508,0.199161,0.988045,0.195382,0.771551,0.199161,0.771553,0.23063,0.775291,0.23437,0.771551,0.23437,0.775291,0.022921,0.771553,0.019142,0.988043,0.019142,0.771551,0.23063,0.806721,0.23437,0.810461,0.23063,0.810461,0.075793,0.988045,0.072014,0.771551,0.075793,0.771553,0.111041,0.988045,0.107262,0.771551,0.111041,0.771553,0.089638,0.988043,0.093417,0.771553,0.093417,0.988045,0.146289,0.988045,0.14251,0.771551,0.146289,0.771553,0.23437,0.789136,0.23063,0.792876,0.23063,0.789136,0.23437,0.828047,0.23063,0.824306,0.23437,0.824306,0.124886,0.988043,0.128665,0.771553,0.128665,0.988045,0.213006,0.988043,0.216785,0.771553,0.216785,0.988045,0.23437,0.841892,0.23063,0.845632,0.23063,0.841892,0.23063,0.863217,0.23437,0.859477,0.23437,0.863217,0.177758,0.988043,0.181537,0.771553,0.181537,0.988045,0.160134,0.988043,0.163913,0.771553,0.163913,0.988045,0.036766,0.988043,0.040545,0.771553,0.040545,0.988045,0.058169,0.771553,0.05439,0.988043,0.05439,0.771551,0.195382,0.988043,0.23063,0.771551,0.022921,0.988045,0.23437,0.806721,0.072014,0.988043,0.107262,0.988043,0.089638,0.771551,0.14251,0.988043,0.23437,0.792876,0.23063,0.828047,0.124886,0.771551,0.213006,0.771551,0.23437,0.845632,0.23063,0.859477,0.177758,0.771551,0.160134,0.771551,0.036766,0.771551,0.058169,0.988045],"f":[[1,1,1,6,2,2,7,3,3],[10,4,4,11,5,5,21,6,6],[9,7,7,8,8,8,24,9,9],[19,10,10,13,11,11,14,12,12],[20,13,13,12,14,14,22,15,15],[16,16,16,5,17,17,2,18,18],[3,19,19,4,20,20,23,21,21],[18,22,22,17,23,23,15,24,24],[16,25,16,22,26,15,5,27,17],[8,28,8,12,29,14,15,30,24],[24,31,9,15,32,24,17,33,23],[2,34,18,14,35,12,4,36,20],[10,37,4,7,38,3,11,39,5],[12,40,14,11,41,5,22,42,15],[9,43,7,13,44,11,19,45,10],[5,46,17,6,47,2,2,48,18],[11,49,5,5,50,17,22,51,15],[13,52,11,17,53,23,23,54,21],[14,55,12,23,56,21,4,57,20],[16,58,16,4,59,20,3,60,19],[19,61,10,10,62,4,9,63,7],[18,64,22,16,65,16,3,66,19],[10,67,4,8,68,8,9,69,7],[6,70,2,19,71,10,14,72,12],[3,73,19,17,74,23,18,75,22],[12,76,14,18,77,22,15,78,24],[16,25,16,20,79,13,22,26,15],[8,28,8,21,80,6,12,29,14],[24,31,9,8,81,8,15,32,24],[2,34,18,6,82,2,14,35,12],[10,37,4,1,83,1,7,38,3],[12,40,14,21,84,6,11,41,5],[9,43,7,24,85,9,13,44,11],[5,46,17,7,86,3,6,47,2],[11,49,5,7,87,3,5,50,17],[13,52,11,24,88,9,17,53,23],[14,55,12,13,89,11,23,56,21],[16,58,16,2,90,18,4,59,20],[19,61,10,1,91,1,10,62,4],[18,64,22,20,92,13,16,65,16],[10,67,4,21,93,6,8,68,8],[6,70,2,1,94,1,19,71,10],[3,73,19,23,95,21,17,74,23],[12,76,14,20,96,13,18,77,22]]}